{"cameraMode":{"drawMode":0,"name":"Shaded","section":"Shading Mode"},"sceneLighting":true,"audioPlay":false,"sceneViewState":{"showFog":true,"showMaterialUpdate":false,"showSkybox":true,"showFlares":true,"showImageEffects":true,"showParticleSystems":true,"showVisualEffectGraphs":true,"m_FxEnabled":true},"in2DMode":false,"pivot":{"x":0.09273242950439453,"y":-3.7264952659606935,"z":5.987537860870361},"rotation":{"x":-0.38688963651657107,"y":0.35567182302474978,"z":-0.16448867321014405,"w":-0.8349301218986511},"size":5.267503261566162,"orthographic":false}