{"cameraMode":{"drawMode":0,"name":"Shaded","section":"Shading Mode"},"sceneLighting":true,"audioPlay":false,"sceneViewState":{"showFog":true,"showMaterialUpdate":false,"showSkybox":false,"showFlares":true,"showImageEffects":true,"showParticleSystems":true},"in2DMode":false,"pivot":{"x":1.6811041831970215,"y":-0.5590927004814148,"z":2.993590831756592},"rotation":{"x":-0.33919376134872439,"y":-0.1784011423587799,"z":0.0661725327372551,"w":-0.9214349389076233},"size":12.12435531616211,"orthographic":false}