{"cameraMode":{"drawMode":0,"name":"Shaded","section":"Shading Mode"},"sceneLighting":true,"audioPlay":false,"sceneViewState":{"showFog":true,"showMaterialUpdate":false,"showSkybox":false,"showFlares":true,"showImageEffects":true,"showParticleSystems":true},"in2DMode":false,"pivot":{"x":3.0186574459075929,"y":-14.783546447753907,"z":25.09156036376953},"rotation":{"x":-0.5600989460945129,"y":0.05409617722034454,"z":-0.03613230213522911,"w":-0.8260477781295776},"size":12.12435531616211,"orthographic":false}